iso3,iso2,m49,country_name_en,country_name_ar,country_name_zh,country_name_fr,country_name_ru,country_name_es,country_name_sdg_en,global_code,global_name_en,region_code,region_name_en,sub_region_code,sub_region_name_en,intermediate_region_code,intermediate_region_name_en,is_ldc,is_lldc,is_sids,wb_country_name,wb_region_code,wb_region_name,wb_income_code,wb_income_name,wb_lending_code,wb_lending_name,capital_city,longitude,latitude,wb_fcs_status,wb_fcs_category,wb_fcs_fy,oecd_dac_eligible,oecd_dac_wb_group,oecd_dac_reporting_year
AFG,AF,4,Afghanistan,أفغانستان,阿富汗,Afghanistan,Афганистан,Afganistán,Afghanistan,1,World,142,Asia,34,Southern Asia,,,True,True,False,Afghanistan,MEA,"Middle East, North Africa, Afghanistan & Pakistan",LIC,Low income,IDX,IDA,Kabul,69.1761,34.5228,True,Conflict,FY26,True,WB-L,2024
ALB,AL,8,Albania,ألبانيا,阿尔巴尼亚,Albanie,Албания,Albania,Albania,1,World,150,Europe,39,Southern Europe,,,False,False,False,Albania,ECS,Europe & Central Asia,UMC,Upper middle income,IBD,IBRD,Tirane,19.8172,41.3317,False,,,True,WB-UM,2024
DZA,DZ,12,Algeria,الجزائر,阿尔及利亚,Algérie,Алжир,Argelia,Algeria,1,World,2,Africa,15,Northern Africa,,,False,False,False,Algeria,MEA,"Middle East, North Africa, Afghanistan & Pakistan",UMC,Upper middle income,IBD,IBRD,Algiers,3.05097,36.7397,False,,,True,WB-UM,2024
ASM,AS,16,American Samoa,ساموا الأمريكية,美属萨摩亚,Samoa américaines,Американское Самоа,Samoa Americana,American Samoa,1,World,9,Oceania,61,Polynesia,,,False,False,True,American Samoa,EAS,East Asia & Pacific,HIC,High income,LNX,Not classified,Pago Pago,-170.691,-14.2846,False,,,False,,
AND,AD,20,Andorra,أندورا,安道尔,Andorre,Андорра,Andorra,Andorra,1,World,150,Europe,39,Southern Europe,,,False,False,False,Andorra,ECS,Europe & Central Asia,HIC,High income,LNX,Not classified,Andorra la Vella,1.5218,42.5075,False,,,False,,
AGO,AO,24,Angola,أنغولا,安哥拉,Angola,Ангола,Angola,Angola,1,World,2,Africa,202,Sub-Saharan Africa,17,Middle Africa,True,False,False,Angola,SSF,Sub-Saharan Africa,LMC,Lower middle income,IBD,IBRD,Luanda,13.242,-8.81155,False,,,True,WB-LM,2024
AIA,AI,660,Anguilla,أنغويلا,安圭拉,Anguilla,Ангилья,Anguila,Anguilla,1,World,19,Americas,419,Latin America and the Caribbean,29,Caribbean,False,False,True,,,,,,,,,,,False,,,False,,
ATA,AQ,10,Antarctica,أنتاركتيكا,南极洲,Antarctique,Антарктике,Antártida,Antarctica,1,World,,,,,,,False,False,False,,,,,,,,,,,False,,,False,,
ATG,AG,28,Antigua and Barbuda,أنتيغوا وبربودا,安提瓜和巴布达,Antigua-et-Barbuda,Антигуа и Барбуда,Antigua y Barbuda,Antigua and Barbuda,1,World,19,Americas,419,Latin America and the Caribbean,29,Caribbean,False,False,True,Antigua and Barbuda,LCN,Latin America & Caribbean,HIC,High income,IBD,IBRD,Saint John's,-61.8456,17.1175,False,,,False,,
ARG,AR,32,Argentina,الأرجنتين,阿根廷,Argentine,Аргентина,Argentina,Argentina,1,World,19,Americas,419,Latin America and the Caribbean,5,South America,False,False,False,Argentina,LCN,Latin America & Caribbean,UMC,Upper middle income,IBD,IBRD,Buenos Aires,-58.4173,-34.6118,False,,,True,WB-UM,2024
ARM,AM,51,Armenia,أرمينيا,亚美尼亚,Arménie,Армения,Armenia,Armenia,1,World,142,Asia,145,Western Asia,,,False,True,False,Armenia,ECS,Europe & Central Asia,UMC,Upper middle income,IBD,IBRD,Yerevan,44.509,40.1596,False,,,True,WB-UM,2024
ABW,AW,533,Aruba,أروبا,阿鲁巴,Aruba,Аруба,Aruba,Aruba,1,World,19,Americas,419,Latin America and the Caribbean,29,Caribbean,False,False,True,Aruba,LCN,Latin America & Caribbean,HIC,High income,LNX,Not classified,Oranjestad,-70.0167,12.5167,False,,,False,,
AUS,AU,36,Australia,أستراليا,澳大利亚,Australie,Австралия,Australia,Australia,1,World,9,Oceania,53,Australia and New Zealand,,,False,False,False,Australia,EAS,East Asia & Pacific,HIC,High income,LNX,Not classified,Canberra,149.129,-35.282,False,,,False,,
AUT,AT,40,Austria,النمسا,奥地利,Autriche,Австрия,Austria,Austria,1,World,150,Europe,155,Western Europe,,,False,False,False,Austria,ECS,Europe & Central Asia,HIC,High income,LNX,Not classified,Vienna,16.3798,48.2201,False,,,False,,
AZE,AZ,31,Azerbaijan,أذربيجان,阿塞拜疆,Azerbaïdjan,Азербайджан,Azerbaiyán,Azerbaijan,1,World,142,Asia,145,Western Asia,,,False,True,False,Azerbaijan,ECS,Europe & Central Asia,UMC,Upper middle income,IBD,IBRD,Baku,49.8932,40.3834,False,,,True,WB-UM,2024
BHS,BS,44,Bahamas,جزر البهاما,巴哈马,Bahamas,Багамские Острова,Bahamas,Bahamas,1,World,19,Americas,419,Latin America and the Caribbean,29,Caribbean,False,False,True,"Bahamas, The",LCN,Latin America & Caribbean,HIC,High income,LNX,Not classified,Nassau,-77.339,25.0661,False,,,False,,
BHR,BH,48,Bahrain,البحرين,巴林,Bahreïn,Бахрейн,Bahrein,Bahrain,1,World,142,Asia,145,Western Asia,,,False,False,False,Bahrain,MEA,"Middle East, North Africa, Afghanistan & Pakistan",HIC,High income,LNX,Not classified,Manama,50.5354,26.1921,False,,,False,,
BGD,BD,50,Bangladesh,بنغلاديش,孟加拉国,Bangladesh,Бангладеш,Bangladesh,Bangladesh,1,World,142,Asia,34,Southern Asia,,,True,False,False,Bangladesh,SAS,South Asia,LMC,Lower middle income,IDX,IDA,Dhaka,90.4113,23.7055,False,,,True,WB-LM,2024
BRB,BB,52,Barbados,بربادوس,巴巴多斯,Barbade,Барбадос,Barbados,Barbados,1,World,19,Americas,419,Latin America and the Caribbean,29,Caribbean,False,False,True,Barbados,LCN,Latin America & Caribbean,HIC,High income,IBD,IBRD,Bridgetown,-59.6105,13.0935,False,,,False,,
BLR,BY,112,Belarus,بيلاروس,白俄罗斯,Bélarus,Беларусь,Belarús,Belarus,1,World,150,Europe,151,Eastern Europe,,,False,False,False,Belarus,ECS,Europe & Central Asia,UMC,Upper middle income,IBD,IBRD,Minsk,27.5766,53.9678,False,,,True,WB-UM,2024
BEL,BE,56,Belgium,بلجيكا,比利时,Belgique,Бельгия,Bélgica,Belgium,1,World,150,Europe,155,Western Europe,,,False,False,False,Belgium,ECS,Europe & Central Asia,HIC,High income,LNX,Not classified,Brussels,4.36761,50.8371,False,,,False,,
BLZ,BZ,84,Belize,بليز,伯利兹,Belize,Белиз,Belice,Belize,1,World,19,Americas,419,Latin America and the Caribbean,13,Central America,False,False,True,Belize,LCN,Latin America & Caribbean,UMC,Upper middle income,IDB,Blend,Belmopan,-88.7713,17.2534,False,,,True,WB-UM,2024
BEN,BJ,204,Benin,بنن,贝宁,Bénin,Бенин,Benin,Benin,1,World,2,Africa,202,Sub-Saharan Africa,11,Western Africa,True,False,False,Benin,SSF,Sub-Saharan Africa,LMC,Lower middle income,IDX,IDA,Porto-Novo,2.6323,6.4779,False,,,True,WB-LM,2024
BMU,BM,60,Bermuda,برمودا,百慕大,Bermudes,Бермудские острова,Bermuda,Bermuda,1,World,19,Americas,21,Northern America,,,False,False,False,Bermuda,NAC,North America,HIC,High income,LNX,Not classified,Hamilton,-64.706,32.3293,False,,,False,,
BTN,BT,64,Bhutan,بوتان,不丹,Bhoutan,Бутан,Bhután,Bhutan,1,World,142,Asia,34,Southern Asia,,,False,True,False,Bhutan,SAS,South Asia,LMC,Lower middle income,IDX,IDA,Thimphu,89.6177,27.5768,False,,,True,WB-LM,2024
BOL,BO,68,Bolivia (Plurinational State of),بوليفيا (دولة - المتعددة القوميات),多民族玻利维亚国,Bolivie (État plurinational de),Боливия (Многонациональное Государство),Bolivia (Estado Plurinacional de),Bolivia (Plurinational State of),1,World,19,Americas,419,Latin America and the Caribbean,5,South America,False,True,False,Bolivia,LCN,Latin America & Caribbean,LMC,Lower middle income,IBD,IBRD,La Paz,-66.1936,-13.9908,False,,,True,WB-LM,2024
BES,BQ,535,"Bonaire, Sint Eustatius and Saba",بونير وسانت يوستاشيوس وسابا,博纳尔，圣俄斯塔休斯和萨巴,"Bonaire, Saint-Eustache et Saba","Бонайре, Синт-Эстатиус и Саба","Bonaire, San Eustaquio y Saba","Bonaire, Sint Eustatius and Saba",1,World,19,Americas,419,Latin America and the Caribbean,29,Caribbean,False,False,True,,,,,,,,,,,False,,,False,,
BIH,BA,70,Bosnia and Herzegovina,البوسنة والهرسك,波斯尼亚和黑塞哥维那,Bosnie-Herzégovine,Босния и Герцеговина,Bosnia y Herzegovina,Bosnia and Herzegovina,1,World,150,Europe,39,Southern Europe,,,False,False,False,Bosnia and Herzegovina,ECS,Europe & Central Asia,UMC,Upper middle income,IBD,IBRD,Sarajevo,18.4214,43.8607,False,,,True,WB-UM,2024
BWA,BW,72,Botswana,بوتسوانا,博茨瓦纳,Botswana,Ботсвана,Botswana,Botswana,1,World,2,Africa,202,Sub-Saharan Africa,18,Southern Africa,False,True,False,Botswana,SSF,Sub-Saharan Africa,UMC,Upper middle income,IBD,IBRD,Gaborone,25.9201,-24.6544,False,,,True,WB-UM,2024
BVT,BV,74,Bouvet Island,جزيرة بوفيت,布维岛,Île Bouvet,Остров Буве,Isla Bouvet,Bouvet Island,1,World,19,Americas,419,Latin America and the Caribbean,5,South America,False,False,False,,,,,,,,,,,False,,,False,,
BRA,BR,76,Brazil,البرازيل,巴西,Brésil,Бразилия,Brasil,Brazil,1,World,19,Americas,419,Latin America and the Caribbean,5,South America,False,False,False,Brazil,LCN,Latin America & Caribbean,UMC,Upper middle income,IBD,IBRD,Brasilia,-47.9292,-15.7801,False,,,True,WB-UM,2024
IOT,IO,86,British Indian Ocean Territory,المحيط الهندي الإقليم البريطاني في,英属印度洋领土,Territoire britannique de l'océan Indien,Британская территория в Индийском океане,Territorio Británico del Océano Índico,British Indian Ocean Territory,1,World,2,Africa,202,Sub-Saharan Africa,14,Eastern Africa,False,False,False,,,,,,,,,,,False,,,False,,
VGB,VG,92,British Virgin Islands,جزر فرجن البريطانية,英属维尔京群岛,Îles Vierges britanniques,Британские Виргинские острова,Islas Vírgenes Británicas,British Virgin Islands,1,World,19,Americas,419,Latin America and the Caribbean,29,Caribbean,False,False,True,British Virgin Islands,LCN,Latin America & Caribbean,HIC,High income,LNX,Not classified,Road Town,-64.623056,18.431389,False,,,False,,
BRN,BN,96,Brunei Darussalam,بروني دار السلام,文莱达鲁萨兰国,Brunéi Darussalam,Бруней-Даруссалам,Brunei Darussalam,Brunei Darussalam,1,World,142,Asia,35,South-eastern Asia,,,False,False,False,Brunei Darussalam,EAS,East Asia & Pacific,HIC,High income,LNX,Not classified,Bandar Seri Begawan,114.946,4.94199,False,,,False,,
BGR,BG,100,Bulgaria,بلغاريا,保加利亚,Bulgarie,Болгария,Bulgaria,Bulgaria,1,World,150,Europe,151,Eastern Europe,,,False,False,False,Bulgaria,ECS,Europe & Central Asia,HIC,High income,IBD,IBRD,Sofia,23.3238,42.7105,False,,,False,,
BFA,BF,854,Burkina Faso,بوركينا فاسو,布基纳法索,Burkina Faso,Буркина-Фасо,Burkina Faso,Burkina Faso,1,World,2,Africa,202,Sub-Saharan Africa,11,Western Africa,True,True,False,Burkina Faso,SSF,Sub-Saharan Africa,LIC,Low income,IDX,IDA,Ouagadougou,-1.53395,12.3605,True,Conflict,FY26,True,WB-L,2024
BDI,BI,108,Burundi,بوروندي,布隆迪,Burundi,Бурунди,Burundi,Burundi,1,World,2,Africa,202,Sub-Saharan Africa,14,Eastern Africa,True,True,False,Burundi,SSF,Sub-Saharan Africa,LIC,Low income,IDX,IDA,Bujumbura,29.3639,-3.3784,True,Institutional and Social Fragility,FY26,True,WB-L,2024
CPV,CV,132,Cabo Verde,كابو فيردي,佛得角,Cabo Verde,Кабо-Верде,Cabo Verde,Cabo Verde,1,World,2,Africa,202,Sub-Saharan Africa,11,Western Africa,False,False,True,Cabo Verde,SSF,Sub-Saharan Africa,UMC,Upper middle income,IDB,Blend,Praia,-23.5087,14.9218,False,,,True,WB-LM,2024
KHM,KH,116,Cambodia,كمبوديا,柬埔寨,Cambodge,Камбоджа,Camboya,Cambodia,1,World,142,Asia,35,South-eastern Asia,,,True,False,False,Cambodia,EAS,East Asia & Pacific,LMC,Lower middle income,IDX,IDA,Phnom Penh,104.874,11.5556,False,,,True,WB-LM,2024
CMR,CM,120,Cameroon,الكاميرون,喀麦隆,Cameroun,Камерун,Camerún,Cameroon,1,World,2,Africa,202,Sub-Saharan Africa,17,Middle Africa,False,False,False,Cameroon,SSF,Sub-Saharan Africa,LMC,Lower middle income,IDB,Blend,Yaounde,11.5174,3.8721,True,Conflict,FY26,True,WB-LM,2024
CAN,CA,124,Canada,كندا,加拿大,Canada,Канада,Canadá,Canada,1,World,19,Americas,21,Northern America,,,False,False,False,Canada,NAC,North America,HIC,High income,LNX,Not classified,Ottawa,-75.6919,45.4215,False,,,False,,
CYM,KY,136,Cayman Islands,جزر كايمان,开曼群岛,Îles Caïmanes,Кайман острова,Islas Caimán,Cayman Islands,1,World,19,Americas,419,Latin America and the Caribbean,29,Caribbean,False,False,False,Cayman Islands,LCN,Latin America & Caribbean,HIC,High income,LNX,Not classified,George Town,-81.3857,19.3022,False,,,False,,
CAF,CF,140,Central African Republic,جمهورية أفريقيا الوسطى,中非共和国,République centrafricaine,Центральноафриканская Республика,República Centroafricana,Central African Republic,1,World,2,Africa,202,Sub-Saharan Africa,17,Middle Africa,True,True,False,Central African Republic,SSF,Sub-Saharan Africa,LIC,Low income,IDX,IDA,Bangui,21.6407,5.63056,True,Conflict,FY26,True,WB-L,2024
TCD,TD,148,Chad,تشاد,乍得,Tchad,Чад,Chad,Chad,1,World,2,Africa,202,Sub-Saharan Africa,17,Middle Africa,True,True,False,Chad,SSF,Sub-Saharan Africa,LIC,Low income,IDX,IDA,N'Djamena,15.0445,12.1048,True,Institutional and Social Fragility,FY26,True,WB-L,2024
CHL,CL,152,Chile,شيلي,智利,Chili,Чили,Chile,Chile,1,World,19,Americas,419,Latin America and the Caribbean,5,South America,False,False,False,Chile,LCN,Latin America & Caribbean,HIC,High income,IBD,IBRD,Santiago,-70.6475,-33.475,False,,,False,,
CHN,CN,156,China,الصين,中国,Chine,Китай,China,China,1,World,142,Asia,30,Eastern Asia,,,False,False,False,China,EAS,East Asia & Pacific,UMC,Upper middle income,IBD,IBRD,Beijing,116.286,40.0495,False,,,True,WB-UM,2024
HKG,HK,344,"China, Hong Kong Special Administrative Region",الصين، منطقة هونغ كونغ الإدارية الخاصة,中国香港特别行政区,"Chine, région administrative spéciale de Hong Kong","Китай, Специальный административный район Гонконг","China, región administrativa especial de Hong Kong","China, Hong Kong Special Administrative Region",1,World,142,Asia,30,Eastern Asia,,,False,False,False,"Hong Kong SAR, China",EAS,East Asia & Pacific,HIC,High income,LNX,Not classified,,114.109,22.3964,False,,,False,,
MAC,MO,446,"China, Macao Special Administrative Region",الصين، منطقة ماكاو الإدارية الخاصة,中国澳门特别行政区,"Chine, région administrative spéciale de Macao","Китай, Специальный административный район Макао","China, región administrativa especial de Macao","China, Macao Special Administrative Region",1,World,142,Asia,30,Eastern Asia,,,False,False,False,"Macao SAR, China",EAS,East Asia & Pacific,HIC,High income,LNX,Not classified,,113.55,22.1667,False,,,False,,
CXR,CX,162,Christmas Island,جزيرة عيد الميلاد,圣诞岛,Île Christmas,остров Рождества,Isla Christmas,Christmas Island,1,World,9,Oceania,53,Australia and New Zealand,,,False,False,False,,,,,,,,,,,False,,,False,,
CCK,CC,166,Cocos (Keeling) Islands,جزر كوكس (كيلينغ),科科斯（基林）群岛,Îles des Cocos (Keeling),Кокосовых (Килинг) островов,Islas Cocos (Keeling),Cocos (Keeling) Islands,1,World,9,Oceania,53,Australia and New Zealand,,,False,False,False,,,,,,,,,,,False,,,False,,
COL,CO,170,Colombia,كولومبيا,哥伦比亚,Colombie,Колумбия,Colombia,Colombia,1,World,19,Americas,419,Latin America and the Caribbean,5,South America,False,False,False,Colombia,LCN,Latin America & Caribbean,UMC,Upper middle income,IBD,IBRD,Bogota,-74.082,4.60987,False,,,True,WB-UM,2024
COM,KM,174,Comoros,جزر القمر,科摩罗,Comores,Коморские Острова,Comoras,Comoros,1,World,2,Africa,202,Sub-Saharan Africa,14,Eastern Africa,True,False,True,Comoros,SSF,Sub-Saharan Africa,LMC,Lower middle income,IDX,IDA,Moroni,43.2418,-11.6986,True,Institutional and Social Fragility,FY26,True,WB-LM,2024
COG,CG,178,Congo,الكونغو,刚果,Congo,Конго,Congo,Congo,1,World,2,Africa,202,Sub-Saharan Africa,17,Middle Africa,False,False,False,"Congo, Rep.",SSF,Sub-Saharan Africa,LMC,Lower middle income,IDB,Blend,Brazzaville,15.2662,-4.2767,False,,,True,WB-LM,2024
COK,CK,184,Cook Islands,جزر كوك,库克群岛,Îles Cook,Острова Кука,Islas Cook,Cook Islands,1,World,9,Oceania,61,Polynesia,,,False,False,True,,,,,,,,,,,False,,,False,,
CRI,CR,188,Costa Rica,كوستاريكا,哥斯达黎加,Costa Rica,Коста-Рика,Costa Rica,Costa Rica,1,World,19,Americas,419,Latin America and the Caribbean,13,Central America,False,False,False,Costa Rica,LCN,Latin America & Caribbean,HIC,High income,IBD,IBRD,San Jose,-84.0089,9.63701,False,,,True,WB-UM,2024
HRV,HR,191,Croatia,كرواتيا,克罗地亚,Croatie,Хорватия,Croacia,Croatia,1,World,150,Europe,39,Southern Europe,,,False,False,False,Croatia,ECS,Europe & Central Asia,HIC,High income,IBD,IBRD,Zagreb,15.9614,45.8069,False,,,False,,
CUB,CU,192,Cuba,كوبا,古巴,Cuba,Куба,Cuba,Cuba,1,World,19,Americas,419,Latin America and the Caribbean,29,Caribbean,False,False,True,Cuba,LCN,Latin America & Caribbean,UMC,Upper middle income,LNX,Not classified,Havana,-82.3667,23.1333,False,,,True,WB-UM,2024
CUW,CW,531,Curaçao,كوراساو,库拉索,Curaçao,Кюрасао,Curazao,Curaçao,1,World,19,Americas,419,Latin America and the Caribbean,29,Caribbean,False,False,True,Curacao,LCN,Latin America & Caribbean,HIC,High income,LNX,Not classified,Willemstad,,,False,,,False,,
CYP,CY,196,Cyprus,قبرص,塞浦路斯,Chypre,Кипр,Chipre,Cyprus,1,World,142,Asia,145,Western Asia,,,False,False,False,Cyprus,ECS,Europe & Central Asia,HIC,High income,LNX,Not classified,Nicosia,33.3736,35.1676,False,,,False,,
CZE,CZ,203,Czechia,تشيكيا,捷克,Tchéquie,Чехия,Chequia,Czechia,1,World,150,Europe,151,Eastern Europe,,,False,False,False,Czechia,ECS,Europe & Central Asia,HIC,High income,LNX,Not classified,Prague,14.4205,50.0878,False,,,False,,
CIV,CI,384,Côte d’Ivoire,كوت ديفوار,科特迪瓦,Côte d’Ivoire,Кот-д'Ивуар,Côte d’Ivoire,Côte d'Ivoire,1,World,2,Africa,202,Sub-Saharan Africa,11,Western Africa,False,False,False,Cote d'Ivoire,SSF,Sub-Saharan Africa,LMC,Lower middle income,IDB,Blend,Yamoussoukro,-4.0305,5.332,False,,,True,WB-LM,2024
PRK,KP,408,Democratic People's Republic of Korea,جمهورية كوريا الشعبية الديمقراطية,朝鲜民主主义人民共和国,République populaire démocratique de Corée,Корейская Народно-Демократическая Республика,República Popular Democrática de Corea,Democratic People's Republic of Korea,1,World,142,Asia,30,Eastern Asia,,,False,False,False,"Korea, Dem. People's Rep.",EAS,East Asia & Pacific,LIC,Low income,LNX,Not classified,Pyongyang,125.754,39.0319,False,,,True,WB-L,2024
COD,CD,180,Democratic Republic of the Congo,جمهورية الكونغو الديمقراطية,刚果民主共和国,République démocratique du Congo,Демократическая Республика Конго,República Democrática del Congo,Democratic Republic of the Congo,1,World,2,Africa,202,Sub-Saharan Africa,17,Middle Africa,True,False,False,"Congo, Dem. Rep.",SSF,Sub-Saharan Africa,LIC,Low income,IDX,IDA,Kinshasa,15.3222,-4.325,True,Conflict,FY26,True,WB-L,2024
DNK,DK,208,Denmark,الدانمرك,丹麦,Danemark,Дания,Dinamarca,Denmark,1,World,150,Europe,154,Northern Europe,,,False,False,False,Denmark,ECS,Europe & Central Asia,HIC,High income,LNX,Not classified,Copenhagen,12.5681,55.6763,False,,,False,,
DJI,DJ,262,Djibouti,جيبوتي,吉布提,Djibouti,Джибути,Djibouti,Djibouti,1,World,2,Africa,202,Sub-Saharan Africa,14,Eastern Africa,True,False,False,Djibouti,MEA,"Middle East, North Africa, Afghanistan & Pakistan",LMC,Lower middle income,IDX,IDA,Djibouti,43.1425,11.5806,False,,,True,WB-LM,2024
DMA,DM,212,Dominica,دومينيكا,多米尼克,Dominique,Доминика,Dominica,Dominica,1,World,19,Americas,419,Latin America and the Caribbean,29,Caribbean,False,False,True,Dominica,LCN,Latin America & Caribbean,UMC,Upper middle income,IDB,Blend,Roseau,-61.39,15.2976,False,,,True,WB-UM,2024
DOM,DO,214,Dominican Republic,الجمهورية الدومينيكية,多米尼加,République dominicaine,Доминиканская Республика,República Dominicana,Dominican Republic,1,World,19,Americas,419,Latin America and the Caribbean,29,Caribbean,False,False,True,Dominican Republic,LCN,Latin America & Caribbean,UMC,Upper middle income,IBD,IBRD,Santo Domingo,-69.8908,18.479,False,,,True,WB-UM,2024
ECU,EC,218,Ecuador,إكوادور,厄瓜多尔,Équateur,Эквадор,Ecuador,Ecuador,1,World,19,Americas,419,Latin America and the Caribbean,5,South America,False,False,False,Ecuador,LCN,Latin America & Caribbean,UMC,Upper middle income,IBD,IBRD,Quito,-78.5243,-0.229498,False,,,True,WB-UM,2024
EGY,EG,818,Egypt,مصر,埃及,Égypte,Египет,Egipto,Egypt,1,World,2,Africa,15,Northern Africa,,,False,False,False,"Egypt, Arab Rep.",MEA,"Middle East, North Africa, Afghanistan & Pakistan",LMC,Lower middle income,IBD,IBRD,Cairo,31.2461,30.0982,False,,,True,WB-LM,2024
SLV,SV,222,El Salvador,السلفادور,萨尔瓦多,El Salvador,Сальвадор,El Salvador,El Salvador,1,World,19,Americas,419,Latin America and the Caribbean,13,Central America,False,False,False,El Salvador,LCN,Latin America & Caribbean,UMC,Upper middle income,IBD,IBRD,San Salvador,-89.2073,13.7034,False,,,True,WB-UM,2024
GNQ,GQ,226,Equatorial Guinea,غينيا الاستوائية,赤道几内亚,Guinée équatoriale,Экваториальная Гвинея,Guinea Ecuatorial,Equatorial Guinea,1,World,2,Africa,202,Sub-Saharan Africa,17,Middle Africa,False,False,False,Equatorial Guinea,SSF,Sub-Saharan Africa,UMC,Upper middle income,IBD,IBRD,Malabo,8.7741,3.7523,False,,,True,WB-UM,2024
ERI,ER,232,Eritrea,إريتريا,厄立特里亚,Érythrée,Эритрея,Eritrea,Eritrea,1,World,2,Africa,202,Sub-Saharan Africa,14,Eastern Africa,True,False,False,Eritrea,SSF,Sub-Saharan Africa,LIC,Low income,IDX,IDA,Asmara,38.9183,15.3315,True,Institutional and Social Fragility,FY26,True,WB-L,2024
EST,EE,233,Estonia,إستونيا,爱沙尼亚,Estonie,Эстония,Estonia,Estonia,1,World,150,Europe,154,Northern Europe,,,False,False,False,Estonia,ECS,Europe & Central Asia,HIC,High income,LNX,Not classified,Tallinn,24.7586,59.4392,False,,,False,,
SWZ,SZ,748,Eswatini,إسواتيني,斯威士兰,Eswatini,Эсватини,Eswatini,Eswatini,1,World,2,Africa,202,Sub-Saharan Africa,18,Southern Africa,False,True,False,Eswatini,SSF,Sub-Saharan Africa,LMC,Lower middle income,IDB,Blend,Mbabane,31.4659,-26.5225,False,,,True,WB-LM,2024
ETH,ET,231,Ethiopia,إثيوبيا,埃塞俄比亚,Éthiopie,Эфиопия,Etiopía,Ethiopia,1,World,2,Africa,202,Sub-Saharan Africa,14,Eastern Africa,True,True,False,Ethiopia,SSF,Sub-Saharan Africa,INX,Not classified,IDX,IDA,Addis Ababa,38.7468,9.02274,True,Conflict,FY26,True,WB-L,2024
FLK,FK,238,Falkland Islands (Malvinas),جزر فوكلاند (مالفيناس),福克兰群岛（马尔维纳斯）,Îles Falkland (Malvinas),Фолклендские (Мальвинские) острова,Islas Malvinas (Falkland),Falkland Islands (Malvinas),1,World,19,Americas,419,Latin America and the Caribbean,5,South America,False,False,False,,,,,,,,,,,False,,,False,,
FRO,FO,234,Faroe Islands,جزر فايرو,法罗群岛,Îles Féroé,Фарерские острова,Islas Feroe,Faroe Islands,1,World,150,Europe,154,Northern Europe,,,False,False,False,Faroe Islands,ECS,Europe & Central Asia,HIC,High income,LNX,Not classified,Torshavn,-6.91181,61.8926,False,,,False,,
FJI,FJ,242,Fiji,فيجي,斐济,Fidji,Фиджи,Fiji,Fiji,1,World,9,Oceania,54,Melanesia,,,False,False,True,Fiji,EAS,East Asia & Pacific,UMC,Upper middle income,IDB,Blend,Suva,178.399,-18.1149,False,,,True,WB-UM,2024
FIN,FI,246,Finland,فنلندا,芬兰,Finlande,Финляндия,Finlandia,Finland,1,World,150,Europe,154,Northern Europe,,,False,False,False,Finland,ECS,Europe & Central Asia,HIC,High income,LNX,Not classified,Helsinki,24.9525,60.1608,False,,,False,,
FRA,FR,250,France,فرنسا,法国,France,Франция,Francia,France,1,World,150,Europe,155,Western Europe,,,False,False,False,France,ECS,Europe & Central Asia,HIC,High income,LNX,Not classified,Paris,2.35097,48.8566,False,,,False,,
GUF,GF,254,French Guiana,غيانا الفرنسية,法属圭亚那,Guyane française,Французская Гвиана,Guayana Francesa,French Guiana,1,World,19,Americas,419,Latin America and the Caribbean,5,South America,False,False,False,,,,,,,,,,,False,,,False,,
PYF,PF,258,French Polynesia,بولينيزيا الفرنسية,法属波利尼西亚,Polynésie française,Французская Полинезия,Polinesia Francesa,French Polynesia,1,World,9,Oceania,61,Polynesia,,,False,False,True,French Polynesia,EAS,East Asia & Pacific,HIC,High income,LNX,Not classified,Papeete,-149.57,-17.535,False,,,False,,
ATF,TF,260,French Southern Territories,الأراضي الفرنسية الجنوبية الجنوبية,法属南方领地,Terres australes françaises,Южные земли (французская заморская территория),Territorio de las Tierras Australes Francesas,French Southern Territories,1,World,2,Africa,202,Sub-Saharan Africa,14,Eastern Africa,False,False,False,,,,,,,,,,,False,,,False,,
GAB,GA,266,Gabon,غابون,加蓬,Gabon,Габон,Gabón,Gabon,1,World,2,Africa,202,Sub-Saharan Africa,17,Middle Africa,False,False,False,Gabon,SSF,Sub-Saharan Africa,UMC,Upper middle income,IBD,IBRD,Libreville,9.45162,0.38832,False,,,True,WB-UM,2024
GMB,GM,270,Gambia,غامبيا,冈比亚,Gambie,Гамбия,Gambia,Gambia,1,World,2,Africa,202,Sub-Saharan Africa,11,Western Africa,True,False,False,"Gambia, The",SSF,Sub-Saharan Africa,LIC,Low income,IDX,IDA,Banjul,-16.5885,13.4495,False,,,True,WB-L,2024
GEO,GE,268,Georgia,جورجيا,格鲁吉亚,Géorgie,Грузия,Georgia,Georgia,1,World,142,Asia,145,Western Asia,,,False,False,False,Georgia,ECS,Europe & Central Asia,UMC,Upper middle income,IBD,IBRD,Tbilisi,44.793,41.71,False,,,True,WB-UM,2024
DEU,DE,276,Germany,ألمانيا,德国,Allemagne,Германия,Alemania,Germany,1,World,150,Europe,155,Western Europe,,,False,False,False,Germany,ECS,Europe & Central Asia,HIC,High income,LNX,Not classified,Berlin,13.4115,52.5235,False,,,False,,
GHA,GH,288,Ghana,غانا,加纳,Ghana,Гана,Ghana,Ghana,1,World,2,Africa,202,Sub-Saharan Africa,11,Western Africa,False,False,False,Ghana,SSF,Sub-Saharan Africa,LMC,Lower middle income,IDX,IDA,Accra,-0.20795,5.57045,False,,,True,WB-LM,2024
GIB,GI,292,Gibraltar,جبل طارق,直布罗陀,Gibraltar,Гибралтар,Gibraltar,Gibraltar,1,World,150,Europe,39,Southern Europe,,,False,False,False,Gibraltar,ECS,Europe & Central Asia,HIC,High income,LNX,Not classified,,,,False,,,False,,
GRC,GR,300,Greece,اليونان,希腊,Grèce,Греция,Grecia,Greece,1,World,150,Europe,39,Southern Europe,,,False,False,False,Greece,ECS,Europe & Central Asia,HIC,High income,LNX,Not classified,Athens,23.7166,37.9792,False,,,False,,
GRL,GL,304,Greenland,غرينلند,格陵兰,Groenland,Гренландия,Groenlandia,Greenland,1,World,19,Americas,21,Northern America,,,False,False,False,Greenland,ECS,Europe & Central Asia,HIC,High income,LNX,Not classified,Nuuk,-51.7214,64.1836,False,,,False,,
GRD,GD,308,Grenada,غرينادا,格林纳达,Grenade,Гренада,Granada,Grenada,1,World,19,Americas,419,Latin America and the Caribbean,29,Caribbean,False,False,True,Grenada,LCN,Latin America & Caribbean,UMC,Upper middle income,IDB,Blend,Saint George's,-61.7449,12.0653,False,,,True,WB-UM,2024
GLP,GP,312,Guadeloupe,غوادلوب,瓜德罗普,Guadeloupe,Гваделупа,Guadalupe,Guadeloupe,1,World,19,Americas,419,Latin America and the Caribbean,29,Caribbean,False,False,False,,,,,,,,,,,False,,,False,,
GUM,GU,316,Guam,غوام,关岛,Guam,Гуам,Guam,Guam,1,World,9,Oceania,57,Micronesia,,,False,False,True,Guam,EAS,East Asia & Pacific,HIC,High income,LNX,Not classified,Agana,144.794,13.4443,False,,,False,,
GTM,GT,320,Guatemala,غواتيمالا,危地马拉,Guatemala,Гватемала,Guatemala,Guatemala,1,World,19,Americas,419,Latin America and the Caribbean,13,Central America,False,False,False,Guatemala,LCN,Latin America & Caribbean,UMC,Upper middle income,IBD,IBRD,Guatemala City,-90.5328,14.6248,False,,,True,WB-UM,2024
GGY,GG,831,Guernsey,غيرنسي,格恩西,Guernesey,Гернси,Guernsey,Guernsey,1,World,150,Europe,154,Northern Europe,,,False,False,False,,,,,,,,,,,False,,,False,,
GIN,GN,324,Guinea,غينيا,几内亚,Guinée,Гвинея,Guinea,Guinea,1,World,2,Africa,202,Sub-Saharan Africa,11,Western Africa,True,False,False,Guinea,SSF,Sub-Saharan Africa,LMC,Lower middle income,IDX,IDA,Conakry,-13.7,9.51667,False,,,True,WB-LM,2024
GNB,GW,624,Guinea-Bissau,غينيا - بيساو,几内亚比绍,Guinée-Bissau,Гвинея-Бисау,Guinea-Bissau,Guinea-Bissau,1,World,2,Africa,202,Sub-Saharan Africa,11,Western Africa,True,False,True,Guinea-Bissau,SSF,Sub-Saharan Africa,LIC,Low income,IDX,IDA,Bissau,-15.1804,11.8037,True,Institutional and Social Fragility,FY26,True,WB-L,2024
GUY,GY,328,Guyana,غيانا,圭亚那,Guyana,Гайана,Guyana,Guyana,1,World,19,Americas,419,Latin America and the Caribbean,5,South America,False,False,True,Guyana,LCN,Latin America & Caribbean,HIC,High income,IDX,IDA,Georgetown,-58.1548,6.80461,False,,,True,WB-H,2024
HTI,HT,332,Haiti,هايتي,海地,Haïti,Гаити,Haití,Haiti,1,World,19,Americas,419,Latin America and the Caribbean,29,Caribbean,True,False,True,Haiti,LCN,Latin America & Caribbean,LMC,Lower middle income,IDX,IDA,Port-au-Prince,-72.3288,18.5392,True,Conflict,FY26,True,WB-LM,2024
HMD,HM,334,Heard Island and McDonald Islands,جزيرة هيرد وجزر ماكدونالد,赫德岛和麦克唐纳岛,Île Heard-et-Îles MacDonald,Остров Херд и острова Макдональд,Islas Heard y McDonald,Heard Island and McDonald Islands,1,World,9,Oceania,53,Australia and New Zealand,,,False,False,False,,,,,,,,,,,False,,,False,,
VAT,VA,336,Holy See,الكرسي الرسولي,教廷,Saint-Siège,Святой Престол,Santa Sede,Holy See,1,World,150,Europe,39,Southern Europe,,,False,False,False,,,,,,,,,,,False,,,False,,
HND,HN,340,Honduras,هندوراس,洪都拉斯,Honduras,Гондурас,Honduras,Honduras,1,World,19,Americas,419,Latin America and the Caribbean,13,Central America,False,False,False,Honduras,LCN,Latin America & Caribbean,LMC,Lower middle income,IDX,IDA,Tegucigalpa,-87.4667,15.1333,False,,,True,WB-LM,2024
HUN,HU,348,Hungary,هنغاريا,匈牙利,Hongrie,Венгрия,Hungría,Hungary,1,World,150,Europe,151,Eastern Europe,,,False,False,False,Hungary,ECS,Europe & Central Asia,HIC,High income,LNX,Not classified,Budapest,19.0408,47.4984,False,,,False,,
ISL,IS,352,Iceland,آيسلندا,冰岛,Islande,Исландия,Islandia,Iceland,1,World,150,Europe,154,Northern Europe,,,False,False,False,Iceland,ECS,Europe & Central Asia,HIC,High income,LNX,Not classified,Reykjavik,-21.8952,64.1353,False,,,False,,
IND,IN,356,India,الهند,印度,Inde,Индия,India,India,1,World,142,Asia,34,Southern Asia,,,False,False,False,India,SAS,South Asia,LMC,Lower middle income,IBD,IBRD,New Delhi,77.225,28.6353,False,,,True,WB-LM,2024
IDN,ID,360,Indonesia,إندونيسيا,印度尼西亚,Indonésie,Индонезия,Indonesia,Indonesia,1,World,142,Asia,35,South-eastern Asia,,,False,False,False,Indonesia,EAS,East Asia & Pacific,UMC,Upper middle income,IBD,IBRD,Jakarta,106.83,-6.19752,False,,,True,WB-UM,2024
IRN,IR,364,Iran (Islamic Republic of),إيران (جمهورية - الإسلامية),伊朗伊斯兰共和国,Iran (République islamique d’),Иран (Исламская Республика),Irán (República Islámica del),Iran (Islamic Republic of),1,World,142,Asia,34,Southern Asia,,,False,False,False,"Iran, Islamic Rep.",MEA,"Middle East, North Africa, Afghanistan & Pakistan",UMC,Upper middle income,IBD,IBRD,Tehran,51.4447,35.6878,False,,,True,WB-UM,2024
IRQ,IQ,368,Iraq,العراق,伊拉克,Iraq,Ирак,Iraq,Iraq,1,World,142,Asia,145,Western Asia,,,False,False,False,Iraq,MEA,"Middle East, North Africa, Afghanistan & Pakistan",UMC,Upper middle income,IBD,IBRD,Baghdad,44.394,33.3302,True,Conflict,FY26,True,WB-UM,2024
IRL,IE,372,Ireland,آيرلندا,爱尔兰,Irlande,Ирландия,Irlanda,Ireland,1,World,150,Europe,154,Northern Europe,,,False,False,False,Ireland,ECS,Europe & Central Asia,HIC,High income,LNX,Not classified,Dublin,-6.26749,53.3441,False,,,False,,
IMN,IM,833,Isle of Man,جزيرة مان,马恩岛,Île de Man,Остров Мэн,Isla de Man,Isle of Man,1,World,150,Europe,154,Northern Europe,,,False,False,False,Isle of Man,ECS,Europe & Central Asia,HIC,High income,LNX,Not classified,Douglas,-4.47928,54.1509,False,,,False,,
ISR,IL,376,Israel,إسرائيل,以色列,Israël,Израиль,Israel,Israel,1,World,142,Asia,145,Western Asia,,,False,False,False,Israel,MEA,"Middle East, North Africa, Afghanistan & Pakistan",HIC,High income,LNX,Not classified,,35.2035,31.7717,False,,,False,,
ITA,IT,380,Italy,إيطاليا,意大利,Italie,Италия,Italia,Italy,1,World,150,Europe,39,Southern Europe,,,False,False,False,Italy,ECS,Europe & Central Asia,HIC,High income,LNX,Not classified,Rome,12.4823,41.8955,False,,,False,,
JAM,JM,388,Jamaica,جامايكا,牙买加,Jamaïque,Ямайка,Jamaica,Jamaica,1,World,19,Americas,419,Latin America and the Caribbean,29,Caribbean,False,False,True,Jamaica,LCN,Latin America & Caribbean,UMC,Upper middle income,IBD,IBRD,Kingston,-76.792,17.9927,False,,,True,WB-UM,2024
JPN,JP,392,Japan,اليابان,日本,Japon,Япония,Japón,Japan,1,World,142,Asia,30,Eastern Asia,,,False,False,False,Japan,EAS,East Asia & Pacific,HIC,High income,LNX,Not classified,Tokyo,139.77,35.67,False,,,False,,
JEY,JE,832,Jersey,جيرسي,泽西,Jersey,Джерси,Jersey,Jersey,1,World,150,Europe,154,Northern Europe,,,False,False,False,,,,,,,,,,,False,,,False,,
JOR,JO,400,Jordan,الأردن,约旦,Jordanie,Иордания,Jordania,Jordan,1,World,142,Asia,145,Western Asia,,,False,False,False,Jordan,MEA,"Middle East, North Africa, Afghanistan & Pakistan",LMC,Lower middle income,IBD,IBRD,Amman,35.9263,31.9497,False,,,True,WB-LM,2024
KAZ,KZ,398,Kazakhstan,كازاخستان,哈萨克斯坦,Kazakhstan,Казахстан,Kazajstán,Kazakhstan,1,World,142,Asia,143,Central Asia,,,False,True,False,Kazakhstan,ECS,Europe & Central Asia,UMC,Upper middle income,IBD,IBRD,Astana,71.4382,51.1879,False,,,True,WB-UM,2024
KEN,KE,404,Kenya,كينيا,肯尼亚,Kenya,Кения,Kenya,Kenya,1,World,2,Africa,202,Sub-Saharan Africa,14,Eastern Africa,False,False,False,Kenya,SSF,Sub-Saharan Africa,LMC,Lower middle income,IDB,Blend,Nairobi,36.8126,-1.27975,False,,,True,WB-LM,2024
KIR,KI,296,Kiribati,كيريباس,基里巴斯,Kiribati,Кирибати,Kiribati,Kiribati,1,World,9,Oceania,57,Micronesia,,,True,False,True,Kiribati,EAS,East Asia & Pacific,LMC,Lower middle income,IDX,IDA,Tarawa,172.979,1.32905,True,Institutional and Social Fragility,FY26,True,WB-LM,2024
KWT,KW,414,Kuwait,الكويت,科威特,Koweït,Кувейт,Kuwait,Kuwait,1,World,142,Asia,145,Western Asia,,,False,False,False,Kuwait,MEA,"Middle East, North Africa, Afghanistan & Pakistan",HIC,High income,LNX,Not classified,Kuwait City,47.9824,29.3721,False,,,False,,
KGZ,KG,417,Kyrgyzstan,قيرغيزستان,吉尔吉斯斯坦,Kirghizistan,Кыргызстан,Kirguistán,Kyrgyzstan,1,World,142,Asia,143,Central Asia,,,False,True,False,Kyrgyz Republic,ECS,Europe & Central Asia,LMC,Lower middle income,IDX,IDA,Bishkek,74.6057,42.8851,False,,,True,WB-LM,2024
LAO,LA,418,Lao People's Democratic Republic,جمهورية لاو الديمقراطية الشعبية,老挝人民民主共和国,République démocratique populaire lao,Лаосская Народно-Демократическая Республика,República Democrática Popular Lao,Lao People's Democratic Republic,1,World,142,Asia,35,South-eastern Asia,,,True,True,False,Lao PDR,EAS,East Asia & Pacific,LMC,Lower middle income,IDX,IDA,Vientiane,102.177,18.5826,False,,,True,WB-LM,2024
LVA,LV,428,Latvia,لاتفيا,拉脱维亚,Lettonie,Латвия,Letonia,Latvia,1,World,150,Europe,154,Northern Europe,,,False,False,False,Latvia,ECS,Europe & Central Asia,HIC,High income,LNX,Not classified,Riga,24.1048,56.9465,False,,,False,,
LBN,LB,422,Lebanon,لبنان,黎巴嫩,Liban,Ливан,Líbano,Lebanon,1,World,142,Asia,145,Western Asia,,,False,False,False,Lebanon,MEA,"Middle East, North Africa, Afghanistan & Pakistan",LMC,Lower middle income,IBD,IBRD,Beirut,35.5134,33.8872,True,Conflict,FY26,True,WB-LM,2024
LSO,LS,426,Lesotho,ليسوتو,莱索托,Lesotho,Лесото,Lesotho,Lesotho,1,World,2,Africa,202,Sub-Saharan Africa,18,Southern Africa,True,True,False,Lesotho,SSF,Sub-Saharan Africa,LMC,Lower middle income,IDX,IDA,Maseru,27.7167,-29.5208,False,,,True,WB-LM,2024
LBR,LR,430,Liberia,ليبريا,利比里亚,Libéria,Либерия,Liberia,Liberia,1,World,2,Africa,202,Sub-Saharan Africa,11,Western Africa,True,False,False,Liberia,SSF,Sub-Saharan Africa,LIC,Low income,IDX,IDA,Monrovia,-10.7957,6.30039,False,,,True,WB-L,2024
LBY,LY,434,Libya,ليبيا,利比亚,Libye,Ливия,Libia,Libya,1,World,2,Africa,15,Northern Africa,,,False,False,False,Libya,MEA,"Middle East, North Africa, Afghanistan & Pakistan",UMC,Upper middle income,IBD,IBRD,Tripoli,13.1072,32.8578,True,Institutional and Social Fragility,FY26,True,WB-UM,2024
LIE,LI,438,Liechtenstein,ليختنشتاين,列支敦士登,Liechtenstein,Лихтенштейн,Liechtenstein,Liechtenstein,1,World,150,Europe,155,Western Europe,,,False,False,False,Liechtenstein,ECS,Europe & Central Asia,HIC,High income,LNX,Not classified,Vaduz,9.52148,47.1411,False,,,False,,
LTU,LT,440,Lithuania,ليتوانيا,立陶宛,Lituanie,Литва,Lituania,Lithuania,1,World,150,Europe,154,Northern Europe,,,False,False,False,Lithuania,ECS,Europe & Central Asia,HIC,High income,LNX,Not classified,Vilnius,25.2799,54.6896,False,,,False,,
LUX,LU,442,Luxembourg,لكسمبرغ,卢森堡,Luxembourg,Люксембург,Luxemburgo,Luxembourg,1,World,150,Europe,155,Western Europe,,,False,False,False,Luxembourg,ECS,Europe & Central Asia,HIC,High income,LNX,Not classified,Luxembourg,6.1296,49.61,False,,,False,,
MDG,MG,450,Madagascar,مدغشقر,马达加斯加,Madagascar,Мадагаскар,Madagascar,Madagascar,1,World,2,Africa,202,Sub-Saharan Africa,14,Eastern Africa,True,False,False,Madagascar,SSF,Sub-Saharan Africa,LIC,Low income,IDX,IDA,Antananarivo,45.7167,-20.4667,False,,,True,WB-L,2024
MWI,MW,454,Malawi,ملاوي,马拉维,Malawi,Малави,Malawi,Malawi,1,World,2,Africa,202,Sub-Saharan Africa,14,Eastern Africa,True,True,False,Malawi,SSF,Sub-Saharan Africa,LIC,Low income,IDX,IDA,Lilongwe,33.7703,-13.9899,False,,,True,WB-L,2024
MYS,MY,458,Malaysia,ماليزيا,马来西亚,Malaisie,Малайзия,Malasia,Malaysia,1,World,142,Asia,35,South-eastern Asia,,,False,False,False,Malaysia,EAS,East Asia & Pacific,UMC,Upper middle income,IBD,IBRD,Kuala Lumpur,101.684,3.12433,False,,,True,WB-UM,2024
MDV,MV,462,Maldives,ملديف,马尔代夫,Maldives,Мальдивские Острова,Maldivas,Maldives,1,World,142,Asia,34,Southern Asia,,,False,False,True,Maldives,SAS,South Asia,UMC,Upper middle income,IDX,IDA,Male,73.5109,4.1742,False,,,True,WB-UM,2024
MLI,ML,466,Mali,مالي,马里,Mali,Мали,Malí,Mali,1,World,2,Africa,202,Sub-Saharan Africa,11,Western Africa,True,True,False,Mali,SSF,Sub-Saharan Africa,LIC,Low income,IDX,IDA,Bamako,-7.50034,13.5667,True,Conflict,FY26,True,WB-L,2024
MLT,MT,470,Malta,مالطة,马耳他,Malte,Мальта,Malta,Malta,1,World,150,Europe,39,Southern Europe,,,False,False,False,Malta,MEA,"Middle East, North Africa, Afghanistan & Pakistan",HIC,High income,LNX,Not classified,Valletta,14.5189,35.9042,False,,,False,,
MHL,MH,584,Marshall Islands,جزر مارشال,马绍尔群岛,Îles Marshall,Маршалловы Острова,Islas Marshall,Marshall Islands,1,World,9,Oceania,57,Micronesia,,,False,False,True,Marshall Islands,EAS,East Asia & Pacific,UMC,Upper middle income,IDX,IDA,Majuro,171.135,7.11046,True,Institutional and Social Fragility,FY26,True,WB-UM,2024
MTQ,MQ,474,Martinique,مارتينيك,马提尼克,Martinique,Мартиника,Martinica,Martinique,1,World,19,Americas,419,Latin America and the Caribbean,29,Caribbean,False,False,False,,,,,,,,,,,False,,,False,,
MRT,MR,478,Mauritania,موريتانيا,毛里塔尼亚,Mauritanie,Мавритания,Mauritania,Mauritania,1,World,2,Africa,202,Sub-Saharan Africa,11,Western Africa,True,False,False,Mauritania,SSF,Sub-Saharan Africa,LMC,Lower middle income,IDX,IDA,Nouakchott,-15.9824,18.2367,False,,,True,WB-LM,2024
MUS,MU,480,Mauritius,موريشيوس,毛里求斯,Maurice,Маврикий,Mauricio,Mauritius,1,World,2,Africa,202,Sub-Saharan Africa,14,Eastern Africa,False,False,True,Mauritius,SSF,Sub-Saharan Africa,UMC,Upper middle income,IBD,IBRD,Port Louis,57.4977,-20.1605,False,,,True,WB-UM,2024
MYT,YT,175,Mayotte,مايوت,马约特,Mayotte,Остров Майотта,Mayotte,Mayotte,1,World,2,Africa,202,Sub-Saharan Africa,14,Eastern Africa,False,False,False,,,,,,,,,,,False,,,False,,
MEX,MX,484,Mexico,المكسيك,墨西哥,Mexique,Мексика,México,Mexico,1,World,19,Americas,419,Latin America and the Caribbean,13,Central America,False,False,False,Mexico,LCN,Latin America & Caribbean,UMC,Upper middle income,IBD,IBRD,Mexico City,-99.1276,19.427,False,,,True,WB-UM,2024
FSM,FM,583,Micronesia (Federated States of),ميكرونيزيا (ولايات - الموحدة),密克罗尼西亚联邦,Micronésie (États fédérés de),Микронезия (Федеративные Штаты),Micronesia (Estados Federados de),Micronesia (Federated States of),1,World,9,Oceania,57,Micronesia,,,False,False,True,"Micronesia, Fed. Sts.",EAS,East Asia & Pacific,LMC,Lower middle income,IDX,IDA,Palikir,158.185,6.91771,True,Institutional and Social Fragility,FY26,True,WB-LM,2024
MCO,MC,492,Monaco,موناكو,摩纳哥,Monaco,Монако,Mónaco,Monaco,1,World,150,Europe,155,Western Europe,,,False,False,False,Monaco,ECS,Europe & Central Asia,HIC,High income,LNX,Not classified,Monaco,7.41891,43.7325,False,,,False,,
MNG,MN,496,Mongolia,منغوليا,蒙古,Mongolie,Монголия,Mongolia,Mongolia,1,World,142,Asia,30,Eastern Asia,,,False,True,False,Mongolia,EAS,East Asia & Pacific,UMC,Upper middle income,IBD,IBRD,Ulaanbaatar,106.937,47.9129,False,,,True,WB-UM,2024
MNE,ME,499,Montenegro,الجبل الأسود,黑山,Monténégro,Черногория,Montenegro,Montenegro,1,World,150,Europe,39,Southern Europe,,,False,False,False,Montenegro,ECS,Europe & Central Asia,UMC,Upper middle income,IBD,IBRD,Podgorica,19.2595,42.4602,False,,,True,WB-UM,2024
MSR,MS,500,Montserrat,مونتسيرات,蒙特塞拉特,Montserrat,Монтсеррат,Montserrat,Montserrat,1,World,19,Americas,419,Latin America and the Caribbean,29,Caribbean,False,False,True,,,,,,,,,,,False,,,True,WB-NC,2024
MAR,MA,504,Morocco,المغرب,摩洛哥,Maroc,Марокко,Marruecos,Morocco,1,World,2,Africa,15,Northern Africa,,,False,False,False,Morocco,MEA,"Middle East, North Africa, Afghanistan & Pakistan",LMC,Lower middle income,IBD,IBRD,Rabat,-6.8704,33.9905,False,,,True,WB-LM,2024
MOZ,MZ,508,Mozambique,موزامبيق,莫桑比克,Mozambique,Мозамбик,Mozambique,Mozambique,1,World,2,Africa,202,Sub-Saharan Africa,14,Eastern Africa,True,False,False,Mozambique,SSF,Sub-Saharan Africa,LIC,Low income,IDX,IDA,Maputo,32.5713,-25.9664,True,Conflict,FY26,True,WB-L,2024
MMR,MM,104,Myanmar,ميانمار,缅甸,Myanmar,Мьянма,Myanmar,Myanmar,1,World,142,Asia,35,South-eastern Asia,,,True,False,False,Myanmar,EAS,East Asia & Pacific,LMC,Lower middle income,IDX,IDA,Naypyidaw,95.9562,21.914,True,Conflict,FY26,True,WB-LM,2024
NAM,NA,516,Namibia,ناميبيا,纳米比亚,Namibie,Намибия,Namibia,Namibia,1,World,2,Africa,202,Sub-Saharan Africa,18,Southern Africa,False,False,False,Namibia,SSF,Sub-Saharan Africa,LMC,Lower middle income,IBD,IBRD,Windhoek,17.0931,-22.5648,False,,,True,WB-UM,2024
NRU,NR,520,Nauru,ناورو,瑙鲁,Nauru,Науру,Nauru,Nauru,1,World,9,Oceania,57,Micronesia,,,False,False,True,Nauru,EAS,East Asia & Pacific,HIC,High income,IBD,IBRD,Yaren District,166.920867,-0.5477,False,,,True,WB-H,2024
NPL,NP,524,Nepal,نيبال,尼泊尔,Népal,Непал,Nepal,Nepal,1,World,142,Asia,34,Southern Asia,,,True,True,False,Nepal,SAS,South Asia,LMC,Lower middle income,IDX,IDA,Kathmandu,85.3157,27.6939,False,,,True,WB-LM,2024
NLD,NL,528,Netherlands (Kingdom of the),هولندا (مملكة _),荷兰王国,Pays-Bas (Royaume des),Нидерланды (Королевство),Países Bajos (Reino de los),Netherlands (Kingdom of the),1,World,150,Europe,155,Western Europe,,,False,False,False,Netherlands,ECS,Europe & Central Asia,HIC,High income,LNX,Not classified,Amsterdam,4.89095,52.3738,False,,,False,,
NCL,NC,540,New Caledonia,كاليدونيا الجديدة,新喀里多尼亚,Nouvelle-Calédonie,Новая Каледония,Nueva Caledonia,New Caledonia,1,World,9,Oceania,54,Melanesia,,,False,False,True,New Caledonia,EAS,East Asia & Pacific,HIC,High income,LNX,Not classified,Noum'ea,166.464,-22.2677,False,,,False,,
NZL,NZ,554,New Zealand,نيوزيلندا,新西兰,Nouvelle-Zélande,Новая Зеландия,Nueva Zelandia,New Zealand,1,World,9,Oceania,53,Australia and New Zealand,,,False,False,False,New Zealand,EAS,East Asia & Pacific,HIC,High income,LNX,Not classified,Wellington,174.776,-41.2865,False,,,False,,
NIC,NI,558,Nicaragua,نيكاراغوا,尼加拉瓜,Nicaragua,Никарагуа,Nicaragua,Nicaragua,1,World,19,Americas,419,Latin America and the Caribbean,13,Central America,False,False,False,Nicaragua,LCN,Latin America & Caribbean,LMC,Lower middle income,IDX,IDA,Managua,-86.2734,12.1475,False,,,True,WB-LM,2024
NER,NE,562,Niger,النيجر,尼日尔,Niger,Нигер,Níger,Niger,1,World,2,Africa,202,Sub-Saharan Africa,11,Western Africa,True,True,False,Niger,SSF,Sub-Saharan Africa,LIC,Low income,IDX,IDA,Niamey,2.1073,13.514,True,Conflict,FY26,True,WB-L,2024
NGA,NG,566,Nigeria,نيجيريا,尼日利亚,Nigéria,Нигерия,Nigeria,Nigeria,1,World,2,Africa,202,Sub-Saharan Africa,11,Western Africa,False,False,False,Nigeria,SSF,Sub-Saharan Africa,LMC,Lower middle income,IDB,Blend,Abuja,7.48906,9.05804,True,Conflict,FY26,True,WB-LM,2024
NIU,NU,570,Niue,نيوي,纽埃,Nioué,Ниуэ,Niue,Niue,1,World,9,Oceania,61,Polynesia,,,False,False,True,,,,,,,,,,,False,,,True,WB-NC,2024
NFK,NF,574,Norfolk Island,جزيرة نورفولك,诺福克岛,Île Norfolk,Остров Норфолк,Isla Norfolk,Norfolk Island,1,World,9,Oceania,53,Australia and New Zealand,,,False,False,False,,,,,,,,,,,False,,,False,,
MKD,MK,807,North Macedonia,مقدونيا الشمالية,北马其顿,Macédoine du Nord,Северная Македония,Macedonia del Norte,North Macedonia,1,World,150,Europe,39,Southern Europe,,,False,True,False,North Macedonia,ECS,Europe & Central Asia,UMC,Upper middle income,IBD,IBRD,Skopje,21.4361,42.0024,False,,,True,WB-UM,2024
MNP,MP,580,Northern Mariana Islands,جزر ماريانا الشمالية,北马里亚纳群岛,Îles Mariannes du Nord,Северные Марианские острова,Islas Marianas Septentrionales,Northern Mariana Islands,1,World,9,Oceania,57,Micronesia,,,False,False,True,Northern Mariana Islands,EAS,East Asia & Pacific,HIC,High income,LNX,Not classified,Saipan,145.765,15.1935,False,,,False,,
NOR,NO,578,Norway,النرويج,挪威,Norvège,Норвегия,Noruega,Norway,1,World,150,Europe,154,Northern Europe,,,False,False,False,Norway,ECS,Europe & Central Asia,HIC,High income,LNX,Not classified,Oslo,10.7387,59.9138,False,,,False,,
OMN,OM,512,Oman,عمان,阿曼,Oman,Оман,Omán,Oman,1,World,142,Asia,145,Western Asia,,,False,False,False,Oman,MEA,"Middle East, North Africa, Afghanistan & Pakistan",HIC,High income,LNX,Not classified,Muscat,58.5874,23.6105,False,,,False,,
PAK,PK,586,Pakistan,باكستان,巴基斯坦,Pakistan,Пакистан,Pakistán,Pakistan,1,World,142,Asia,34,Southern Asia,,,False,False,False,Pakistan,MEA,"Middle East, North Africa, Afghanistan & Pakistan",LMC,Lower middle income,IDB,Blend,Islamabad,72.8,30.5167,False,,,True,WB-LM,2024
PLW,PW,585,Palau,بالاو,帕劳,Palaos,Палау,Palau,Palau,1,World,9,Oceania,57,Micronesia,,,False,False,True,Palau,EAS,East Asia & Pacific,HIC,High income,IBD,IBRD,Koror,134.479,7.34194,False,,,True,WB-H,2024
PAN,PA,591,Panama,بنما,巴拿马,Panama,Панама,Panamá,Panama,1,World,19,Americas,419,Latin America and the Caribbean,13,Central America,False,False,False,Panama,LCN,Latin America & Caribbean,HIC,High income,IBD,IBRD,Panama City,-79.5188,8.99427,False,,,True,WB-H,2024
PNG,PG,598,Papua New Guinea,بابوا غينيا الجديدة,巴布亚新几内亚,Papouasie-Nouvelle-Guinée,Папуа-Новая Гвинея,Papua Nueva Guinea,Papua New Guinea,1,World,9,Oceania,54,Melanesia,,,False,False,True,Papua New Guinea,EAS,East Asia & Pacific,LMC,Lower middle income,IDB,Blend,Port Moresby,147.194,-9.47357,True,Institutional and Social Fragility,FY26,True,WB-LM,2024
PRY,PY,600,Paraguay,باراغواي,巴拉圭,Paraguay,Парагвай,Paraguay,Paraguay,1,World,19,Americas,419,Latin America and the Caribbean,5,South America,False,True,False,Paraguay,LCN,Latin America & Caribbean,UMC,Upper middle income,IBD,IBRD,Asuncion,-57.6362,-25.3005,False,,,True,WB-UM,2024
PER,PE,604,Peru,بيرو,秘鲁,Pérou,Перу,Perú,Peru,1,World,19,Americas,419,Latin America and the Caribbean,5,South America,False,False,False,Peru,LCN,Latin America & Caribbean,UMC,Upper middle income,IBD,IBRD,Lima,-77.0465,-12.0931,False,,,True,WB-UM,2024
PHL,PH,608,Philippines,الفلبين,菲律宾,Philippines,Филиппины,Filipinas,Philippines,1,World,142,Asia,35,South-eastern Asia,,,False,False,False,Philippines,EAS,East Asia & Pacific,LMC,Lower middle income,IBD,IBRD,Manila,121.035,14.5515,False,,,True,WB-LM,2024
PCN,PN,612,Pitcairn,بيتكرن,皮特凯恩,Pitcairn,Питкэрн,Pitcairn,Pitcairn,1,World,9,Oceania,61,Polynesia,,,False,False,False,,,,,,,,,,,False,,,False,,
POL,PL,616,Poland,بولندا,波兰,Pologne,Польша,Polonia,Poland,1,World,150,Europe,151,Eastern Europe,,,False,False,False,Poland,ECS,Europe & Central Asia,HIC,High income,IBD,IBRD,Warsaw,21.02,52.26,False,,,False,,
PRT,PT,620,Portugal,البرتغال,葡萄牙,Portugal,Португалия,Portugal,Portugal,1,World,150,Europe,39,Southern Europe,,,False,False,False,Portugal,ECS,Europe & Central Asia,HIC,High income,LNX,Not classified,Lisbon,-9.13552,38.7072,False,,,False,,
PRI,PR,630,Puerto Rico,بورتوريكو,波多黎各,Porto Rico,Пуэрто-Рико,Puerto Rico,Puerto Rico,1,World,19,Americas,419,Latin America and the Caribbean,29,Caribbean,False,False,True,Puerto Rico (US),LCN,Latin America & Caribbean,HIC,High income,LNX,Not classified,San Juan,-66,18.23,False,,,False,,
QAT,QA,634,Qatar,قطر,卡塔尔,Qatar,Катар,Qatar,Qatar,1,World,142,Asia,145,Western Asia,,,False,False,False,Qatar,MEA,"Middle East, North Africa, Afghanistan & Pakistan",HIC,High income,LNX,Not classified,Doha,51.5082,25.2948,False,,,False,,
KOR,KR,410,Republic of Korea,جمهورية كوريا,大韩民国,République de Corée,Республика Корея,República de Corea,Republic of Korea,1,World,142,Asia,30,Eastern Asia,,,False,False,False,"Korea, Rep.",EAS,East Asia & Pacific,HIC,High income,LNX,Not classified,Seoul,126.957,37.5323,False,,,False,,
MDA,MD,498,Republic of Moldova,جمهورية مولدوفا,摩尔多瓦共和国,République de Moldova,Республика Молдова,República de Moldova,Republic of Moldova,1,World,150,Europe,151,Eastern Europe,,,False,True,False,Moldova,ECS,Europe & Central Asia,UMC,Upper middle income,IBD,IBRD,Chisinau,28.8497,47.0167,False,,,True,WB-UM,2024
ROU,RO,642,Romania,رومانيا,罗马尼亚,Roumanie,Румыния,Rumania,Romania,1,World,150,Europe,151,Eastern Europe,,,False,False,False,Romania,ECS,Europe & Central Asia,HIC,High income,IBD,IBRD,Bucharest,26.0979,44.4479,False,,,False,,
RUS,RU,643,Russian Federation,الاتحاد الروسي,俄罗斯联邦,Fédération de Russie,Российская Федерация,Federación de Rusia,Russian Federation,1,World,150,Europe,151,Eastern Europe,,,False,False,False,Russian Federation,ECS,Europe & Central Asia,HIC,High income,IBD,IBRD,Moscow,37.6176,55.7558,False,,,False,,
RWA,RW,646,Rwanda,رواندا,卢旺达,Rwanda,Руанда,Rwanda,Rwanda,1,World,2,Africa,202,Sub-Saharan Africa,14,Eastern Africa,True,True,False,Rwanda,SSF,Sub-Saharan Africa,LIC,Low income,IDX,IDA,Kigali,30.0587,-1.95325,False,,,True,WB-L,2024
REU,RE,638,Réunion,ريونيون,留尼汪,Réunion,Реюньон,Reunión,Réunion,1,World,2,Africa,202,Sub-Saharan Africa,14,Eastern Africa,False,False,False,,,,,,,,,,,False,,,False,,
BLM,BL,652,Saint Barthélemy,سان بارتليمي,圣巴泰勒米,Saint-Barthélemy,Сен-Бартелеми,San Barthélemy,Saint Barthélemy,1,World,19,Americas,419,Latin America and the Caribbean,29,Caribbean,False,False,False,,,,,,,,,,,False,,,False,,
SHN,SH,654,Saint Helena,سانت هيلانة,圣赫勒拿,Sainte-Hélène,Остров Святой Елены,Santa Elena,Saint Helena,1,World,2,Africa,202,Sub-Saharan Africa,11,Western Africa,False,False,False,,,,,,,,,,,False,,,True,WB-NC,2024
KNA,KN,659,Saint Kitts and Nevis,سانت كيتس ونيفس,圣基茨和尼维斯,Saint-Kitts-et-Nevis,Сент-Китс и Невис,Saint Kitts y Nevis,Saint Kitts and Nevis,1,World,19,Americas,419,Latin America and the Caribbean,29,Caribbean,False,False,True,St. Kitts and Nevis,LCN,Latin America & Caribbean,HIC,High income,IBD,IBRD,Basseterre,-62.7309,17.3,False,,,False,,
LCA,LC,662,Saint Lucia,سانت لوسيا,圣卢西亚,Sainte-Lucie,Сент-Люсия,Santa Lucía,Saint Lucia,1,World,19,Americas,419,Latin America and the Caribbean,29,Caribbean,False,False,True,St. Lucia,LCN,Latin America & Caribbean,UMC,Upper middle income,IDB,Blend,Castries,-60.9832,14,False,,,True,WB-UM,2024
MAF,MF,663,Saint Martin (French Part),سانت مارتن (الجزء الفرنسي),圣马丁（法属）,Saint-Martin (partie française),Сен-Мартен (французская часть),San Martín (parte francesa),Saint Martin (French Part),1,World,19,Americas,419,Latin America and the Caribbean,29,Caribbean,False,False,False,St. Martin (French part),LCN,Latin America & Caribbean,HIC,High income,LNX,Not classified,Marigot,,,False,,,False,,
SPM,PM,666,Saint Pierre and Miquelon,سان بيير وميكلون,圣皮埃尔和密克隆,Saint-Pierre-et-Miquelon,Сен-Пьер и Микелон,San Pedro y Miquelón,Saint Pierre and Miquelon,1,World,19,Americas,21,Northern America,,,False,False,False,,,,,,,,,,,False,,,False,,
VCT,VC,670,Saint Vincent and the Grenadines,سانت فنسنت وجزر غرينادين,圣文森特和格林纳丁斯,Saint-Vincent-et-les Grenadines,Сент-Винсент и Гренадины,San Vicente y las Granadinas,Saint Vincent and the Grenadines,1,World,19,Americas,419,Latin America and the Caribbean,29,Caribbean,False,False,True,St. Vincent and the Grenadines,LCN,Latin America & Caribbean,UMC,Upper middle income,IDB,Blend,Kingstown,-61.2653,13.2035,False,,,True,WB-UM,2024
WSM,WS,882,Samoa,ساموا,萨摩亚,Samoa,Самоа,Samoa,Samoa,1,World,9,Oceania,61,Polynesia,,,False,False,True,Samoa,EAS,East Asia & Pacific,UMC,Upper middle income,IDX,IDA,Apia,-171.752,-13.8314,False,,,True,WB-LM,2024
SMR,SM,674,San Marino,سان مارينو,圣马力诺,Saint-Marin,Сан-Марино,San Marino,San Marino,1,World,150,Europe,39,Southern Europe,,,False,False,False,San Marino,ECS,Europe & Central Asia,HIC,High income,LNX,Not classified,San Marino,12.4486,43.9322,False,,,False,,
STP,ST,678,Sao Tome and Principe,سان تومي وبرينسيبي,圣多美和普林西比,Sao Tomé-et-Principe,Сан-Томе и Принсипи,Santo Tomé y Príncipe,Sao Tome and Principe,1,World,2,Africa,202,Sub-Saharan Africa,17,Middle Africa,False,False,True,Sao Tome and Principe,SSF,Sub-Saharan Africa,LMC,Lower middle income,IDX,IDA,Sao Tome,6.6071,0.20618,True,Institutional and Social Fragility,FY26,True,WB-LM,2024
SAU,SA,682,Saudi Arabia,المملكة العربية السعودية,沙特阿拉伯,Arabie saoudite,Саудовская Аравия,Arabia Saudita,Saudi Arabia,1,World,142,Asia,145,Western Asia,,,False,False,False,Saudi Arabia,MEA,"Middle East, North Africa, Afghanistan & Pakistan",HIC,High income,LNX,Not classified,Riyadh,46.6977,24.6748,False,,,False,,
SEN,SN,686,Senegal,السنغال,塞内加尔,Sénégal,Сенегал,Senegal,Senegal,1,World,2,Africa,202,Sub-Saharan Africa,11,Western Africa,True,False,False,Senegal,SSF,Sub-Saharan Africa,LMC,Lower middle income,IDX,IDA,Dakar,-17.4734,14.7247,False,,,True,WB-LM,2024
SRB,RS,688,Serbia,صربيا,塞尔维亚,Serbie,Сербия,Serbia,Serbia,1,World,150,Europe,39,Southern Europe,,,False,False,False,Serbia,ECS,Europe & Central Asia,UMC,Upper middle income,IBD,IBRD,Belgrade,20.4656,44.8024,False,,,True,WB-UM,2024
SYC,SC,690,Seychelles,سيشيل,塞舌尔,Seychelles,Сейшельские Острова,Seychelles,Seychelles,1,World,2,Africa,202,Sub-Saharan Africa,14,Eastern Africa,False,False,True,Seychelles,SSF,Sub-Saharan Africa,HIC,High income,IBD,IBRD,Victoria,55.4466,-4.6309,False,,,False,,
SLE,SL,694,Sierra Leone,سيراليون,塞拉利昂,Sierra Leone,Сьерра-Леоне,Sierra Leona,Sierra Leone,1,World,2,Africa,202,Sub-Saharan Africa,11,Western Africa,True,False,False,Sierra Leone,SSF,Sub-Saharan Africa,LIC,Low income,IDX,IDA,Freetown,-13.2134,8.4821,False,,,True,WB-L,2024
SGP,SG,702,Singapore,سنغافورة,新加坡,Singapour,Сингапур,Singapur,Singapore,1,World,142,Asia,35,South-eastern Asia,,,False,False,True,Singapore,EAS,East Asia & Pacific,HIC,High income,LNX,Not classified,Singapore,103.85,1.28941,False,,,False,,
SXM,SX,534,Sint Maarten (Dutch part),سانت مارتن (الجزء الهولندي),圣马丁（荷属）,Saint-Martin (partie néerlandaise),Синт-Мартен (нидерландская часть),San Martín (parte Holandesa),Sint Maarten (Dutch part),1,World,19,Americas,419,Latin America and the Caribbean,29,Caribbean,False,False,True,Sint Maarten (Dutch part),LCN,Latin America & Caribbean,HIC,High income,LNX,Not classified,Philipsburg,,,False,,,False,,
SVK,SK,703,Slovakia,سلوفاكيا,斯洛伐克,Slovaquie,Словакия,Eslovaquia,Slovakia,1,World,150,Europe,151,Eastern Europe,,,False,False,False,Slovak Republic,ECS,Europe & Central Asia,HIC,High income,LNX,Not classified,Bratislava,17.1073,48.1484,False,,,False,,
SVN,SI,705,Slovenia,سلوفينيا,斯洛文尼亚,Slovénie,Словения,Eslovenia,Slovenia,1,World,150,Europe,39,Southern Europe,,,False,False,False,Slovenia,ECS,Europe & Central Asia,HIC,High income,LNX,Not classified,Ljubljana,14.5044,46.0546,False,,,False,,
SLB,SB,90,Solomon Islands,جزر سليمان,所罗门群岛,Îles Salomon,Соломоновы Острова,Islas Salomón,Solomon Islands,1,World,9,Oceania,54,Melanesia,,,True,False,True,Solomon Islands,EAS,East Asia & Pacific,LMC,Lower middle income,IDX,IDA,Honiara,159.949,-9.42676,True,Institutional and Social Fragility,FY26,True,WB-LM,2024
SOM,SO,706,Somalia,الصومال,索马里,Somalie,Сомали,Somalia,Somalia,1,World,2,Africa,202,Sub-Saharan Africa,14,Eastern Africa,True,False,False,"Somalia, Fed. Rep.",SSF,Sub-Saharan Africa,LIC,Low income,IDX,IDA,Mogadishu,45.3254,2.07515,True,Conflict,FY26,True,WB-L,2024
ZAF,ZA,710,South Africa,جنوب أفريقيا,南非,Afrique du Sud,Южная Африка,Sudáfrica,South Africa,1,World,2,Africa,202,Sub-Saharan Africa,18,Southern Africa,False,False,False,South Africa,SSF,Sub-Saharan Africa,UMC,Upper middle income,IBD,IBRD,Pretoria,28.1871,-25.746,False,,,True,WB-UM,2024
SGS,GS,239,South Georgia and the South Sandwich Islands,جورجيا الجنوبية وجزر ساندويتش الجنوبية,南乔治亚岛和南桑德韦奇岛,Géorgie du Sud-et-les Îles Sandwich du Sud,Южная Джорджия и Южные Сандвичевы острова,Georgia del Sur y las Islas Sandwich del Sur,South Georgia and the South Sandwich Islands,1,World,19,Americas,419,Latin America and the Caribbean,5,South America,False,False,False,,,,,,,,,,,False,,,False,,
SSD,SS,728,South Sudan,جنوب السودان,南苏丹,Soudan du Sud,Южный Судан,Sudán del Sur,South Sudan,1,World,2,Africa,202,Sub-Saharan Africa,14,Eastern Africa,True,True,False,South Sudan,SSF,Sub-Saharan Africa,LIC,Low income,IDX,IDA,Juba,31.6,4.85,True,Conflict,FY26,True,WB-L,2024
ESP,ES,724,Spain,إسبانيا,西班牙,Espagne,Испания,España,Spain,1,World,150,Europe,39,Southern Europe,,,False,False,False,Spain,ECS,Europe & Central Asia,HIC,High income,LNX,Not classified,Madrid,-3.70327,40.4167,False,,,False,,
LKA,LK,144,Sri Lanka,سري لانكا,斯里兰卡,Sri Lanka,Шри-Ланка,Sri Lanka,Sri Lanka,1,World,142,Asia,34,Southern Asia,,,False,False,False,Sri Lanka,SAS,South Asia,LMC,Lower middle income,IDX,IDA,Colombo,79.8528,6.92148,False,,,True,WB-LM,2024
PSE,PS,275,State of Palestine,دولة فلسطين,巴勒斯坦国,État de Palestine,Государство Палестина,Estado de Palestina,State of Palestine,1,World,142,Asia,145,Western Asia,,,False,False,False,West Bank and Gaza,MEA,"Middle East, North Africa, Afghanistan & Pakistan",LMC,Lower middle income,LNX,Not classified,,,,True,Conflict,FY26,True,WB-LM,2024
SDN,SD,729,Sudan,السودان,苏丹,Soudan,Судан,Sudán,Sudan,1,World,2,Africa,15,Northern Africa,,,True,False,False,Sudan,SSF,Sub-Saharan Africa,LIC,Low income,IDX,IDA,Khartoum,32.5363,15.5932,True,Conflict,FY26,True,WB-L,2024
SUR,SR,740,Suriname,سورينام,苏里南,Suriname,Суринам,Suriname,Suriname,1,World,19,Americas,419,Latin America and the Caribbean,5,South America,False,False,True,Suriname,LCN,Latin America & Caribbean,UMC,Upper middle income,IDB,Blend,Paramaribo,-55.1679,5.8232,False,,,True,WB-UM,2024
SJM,SJ,744,Svalbard and Jan Mayen Islands,جزيرتي سفالبارد وجان مايِن,斯瓦尔巴群岛和扬马延岛,Îles Svalbard-et-Jan Mayen,Острова Свальбард и Ян-Майен,Islas Svalbard y Jan Mayen,Svalbard and Jan Mayen Islands,1,World,150,Europe,154,Northern Europe,,,False,False,False,,,,,,,,,,,False,,,False,,
SWE,SE,752,Sweden,السويد,瑞典,Suède,Швеция,Suecia,Sweden,1,World,150,Europe,154,Northern Europe,,,False,False,False,Sweden,ECS,Europe & Central Asia,HIC,High income,LNX,Not classified,Stockholm,18.0645,59.3327,False,,,False,,
CHE,CH,756,Switzerland,سويسرا,瑞士,Suisse,Швейцария,Suiza,Switzerland,1,World,150,Europe,155,Western Europe,,,False,False,False,Switzerland,ECS,Europe & Central Asia,HIC,High income,LNX,Not classified,Bern,7.44821,46.948,False,,,False,,
SYR,SY,760,Syrian Arab Republic,الجمهورية العربية السورية,阿拉伯叙利亚共和国,République arabe syrienne,Сирийская Арабская Республика,República Árabe Siria,Syrian Arab Republic,1,World,142,Asia,145,Western Asia,,,False,False,False,Syrian Arab Republic,MEA,"Middle East, North Africa, Afghanistan & Pakistan",LIC,Low income,IDX,IDA,Damascus,36.3119,33.5146,True,Conflict,FY26,True,WB-L,2024
TJK,TJ,762,Tajikistan,طاجيكستان,塔吉克斯坦,Tadjikistan,Таджикистан,Tayikistán,Tajikistan,1,World,142,Asia,143,Central Asia,,,False,True,False,Tajikistan,ECS,Europe & Central Asia,LMC,Lower middle income,IDX,IDA,Dushanbe,68.7864,38.5878,False,,,True,WB-LM,2024
THA,TH,764,Thailand,تايلند,泰国,Thaïlande,Таиланд,Tailandia,Thailand,1,World,142,Asia,35,South-eastern Asia,,,False,False,False,Thailand,EAS,East Asia & Pacific,UMC,Upper middle income,IBD,IBRD,Bangkok,100.521,13.7308,False,,,True,WB-UM,2024
TLS,TL,626,Timor-Leste,تيمور - ليشتي,东帝汶,Timor-Leste,Тимор-Лешти,Timor-Leste,Timor-Leste,1,World,142,Asia,35,South-eastern Asia,,,True,False,True,Timor-Leste,EAS,East Asia & Pacific,LMC,Lower middle income,IDB,Blend,Dili,125.567,-8.56667,True,Institutional and Social Fragility,FY26,True,WB-LM,2024
TGO,TG,768,Togo,توغو,多哥,Togo,Того,Togo,Togo,1,World,2,Africa,202,Sub-Saharan Africa,11,Western Africa,True,False,False,Togo,SSF,Sub-Saharan Africa,LIC,Low income,IDX,IDA,Lome,1.2255,6.1228,False,,,True,WB-L,2024
TKL,TK,772,Tokelau,توكيلاو,托克劳,Tokélaou,Токелау,Tokelau,Tokelau,1,World,9,Oceania,61,Polynesia,,,False,False,False,,,,,,,,,,,False,,,True,WB-NC,2024
TON,TO,776,Tonga,تونغا,汤加,Tonga,Тонга,Tonga,Tonga,1,World,9,Oceania,61,Polynesia,,,False,False,True,Tonga,EAS,East Asia & Pacific,UMC,Upper middle income,IDX,IDA,Nuku'alofa,-175.216,-21.136,False,,,True,WB-UM,2024
TTO,TT,780,Trinidad and Tobago,ترينيداد وتوباغو,特立尼达和多巴哥,Trinité-et-Tobago,Тринидад и Тобаго,Trinidad y Tabago,Trinidad and Tobago,1,World,19,Americas,419,Latin America and the Caribbean,29,Caribbean,False,False,True,Trinidad and Tobago,LCN,Latin America & Caribbean,HIC,High income,IBD,IBRD,Port-of-Spain,-61.4789,10.6596,False,,,False,,
TUN,TN,788,Tunisia,تونس,突尼斯,Tunisie,Тунис,Túnez,Tunisia,1,World,2,Africa,15,Northern Africa,,,False,False,False,Tunisia,MEA,"Middle East, North Africa, Afghanistan & Pakistan",LMC,Lower middle income,IBD,IBRD,Tunis,10.21,36.7899,False,,,True,WB-LM,2024
TKM,TM,795,Turkmenistan,تركمانستان,土库曼斯坦,Turkménistan,Туркменистан,Turkmenistán,Turkmenistan,1,World,142,Asia,143,Central Asia,,,False,True,False,Turkmenistan,ECS,Europe & Central Asia,UMC,Upper middle income,IBD,IBRD,Ashgabat,58.3794,37.9509,False,,,True,WB-UM,2024
TCA,TC,796,Turks and Caicos Islands,جزر تركس وكايكوس,特克斯和凯科斯群岛,Îles Turques-et-Caïques,Острова Теркс и Кайкос,Islas Turcas y Caicos,Turks and Caicos Islands,1,World,19,Americas,419,Latin America and the Caribbean,29,Caribbean,False,False,False,Turks and Caicos Islands,LCN,Latin America & Caribbean,HIC,High income,LNX,Not classified,Grand Turk,-71.141389,21.4602778,False,,,False,,
TUV,TV,798,Tuvalu,توفالو,图瓦卢,Tuvalu,Тувалу,Tuvalu,Tuvalu,1,World,9,Oceania,61,Polynesia,,,True,False,True,Tuvalu,EAS,East Asia & Pacific,UMC,Upper middle income,IDX,IDA,Funafuti,179.089567,-8.6314877,True,Institutional and Social Fragility,FY26,True,WB-UM,2024
TUR,TR,792,Türkiye,تركيا,土耳其,Türkiye,Турция,Türkiye,Türkiye,1,World,142,Asia,145,Western Asia,,,False,False,False,Turkiye,ECS,Europe & Central Asia,UMC,Upper middle income,IBD,IBRD,Ankara,32.3606,39.7153,False,,,True,WB-UM,2024
UGA,UG,800,Uganda,أوغندا,乌干达,Ouganda,Уганда,Uganda,Uganda,1,World,2,Africa,202,Sub-Saharan Africa,14,Eastern Africa,True,True,False,Uganda,SSF,Sub-Saharan Africa,LIC,Low income,IDX,IDA,Kampala,32.5729,0.314269,False,,,True,WB-L,2024
UKR,UA,804,Ukraine,أوكرانيا,乌克兰,Ukraine,Украина,Ucrania,Ukraine,1,World,150,Europe,151,Eastern Europe,,,False,False,False,Ukraine,ECS,Europe & Central Asia,UMC,Upper middle income,IBD,IBRD,Kiev,30.5038,50.4536,True,Conflict,FY26,True,WB-UM,2024
ARE,AE,784,United Arab Emirates,الإمارات العربية المتحدة,阿拉伯联合酋长国,Émirats arabes unis,Объединенные Арабские Эмираты,Emiratos Árabes Unidos,United Arab Emirates,1,World,142,Asia,145,Western Asia,,,False,False,False,United Arab Emirates,MEA,"Middle East, North Africa, Afghanistan & Pakistan",HIC,High income,LNX,Not classified,Abu Dhabi,54.3705,24.4764,False,,,False,,
GBR,GB,826,United Kingdom of Great Britain and Northern Ireland,المملكة المتحدة لبريطانيا العظمى وآيرلندا الشمالية,大不列颠及北爱尔兰联合王国,Royaume-Uni de Grande-Bretagne et d’Irlande du Nord,Соединенное Королевство Великобритании и Северной Ирландии,Reino Unido de Gran Bretaña e Irlanda del Norte,United Kingdom of Great Britain and Northern Ireland,1,World,150,Europe,154,Northern Europe,,,False,False,False,United Kingdom,ECS,Europe & Central Asia,HIC,High income,LNX,Not classified,London,-0.126236,51.5002,False,,,False,,
TZA,TZ,834,United Republic of Tanzania,جمهورية تنزانيا المتحدة,坦桑尼亚联合共和国,République-Unie de Tanzanie,Объединенная Республика Танзания,República Unida de Tanzanía,United Republic of Tanzania,1,World,2,Africa,202,Sub-Saharan Africa,14,Eastern Africa,True,False,False,Tanzania,SSF,Sub-Saharan Africa,LMC,Lower middle income,IDX,IDA,Dodoma,35.7382,-6.17486,False,,,True,WB-LM,2024
UMI,UM,581,United States Minor Outlying Islands,نائية التابعة للولايات المتحدة,美国本土外小岛屿,Îles mineures éloignées des États-Unis,Внешние малые острова Соединенных Штатов,Islas menores alejadas de Estados Unidos,United States Minor Outlying Islands,1,World,9,Oceania,57,Micronesia,,,False,False,False,,,,,,,,,,,False,,,False,,
VIR,VI,850,United States Virgin Islands,جزر فرجن التابعة للولايات المتحدة,美属维尔京群岛,Îles Vierges américaines,Виргинские острова Соединенных Штатов,Islas Vírgenes de los Estados Unidos,United States Virgin Islands,1,World,19,Americas,419,Latin America and the Caribbean,29,Caribbean,False,False,True,Virgin Islands (U.S.),LCN,Latin America & Caribbean,HIC,High income,LNX,Not classified,Charlotte Amalie,-64.8963,18.3358,False,,,False,,
USA,US,840,United States of America,الولايات المتحدة الأمريكية,美利坚合众国,États-Unis d’Amérique,Соединенные Штаты Америки,Estados Unidos de América,United States of America,1,World,19,Americas,21,Northern America,,,False,False,False,United States,NAC,North America,HIC,High income,LNX,Not classified,Washington D.C.,-77.032,38.8895,False,,,False,,
URY,UY,858,Uruguay,أوروغواي,乌拉圭,Uruguay,Уругвай,Uruguay,Uruguay,1,World,19,Americas,419,Latin America and the Caribbean,5,South America,False,False,False,Uruguay,LCN,Latin America & Caribbean,HIC,High income,IBD,IBRD,Montevideo,-56.0675,-34.8941,False,,,False,,
UZB,UZ,860,Uzbekistan,أوزبكستان,乌兹别克斯坦,Ouzbékistan,Узбекистан,Uzbekistán,Uzbekistan,1,World,142,Asia,143,Central Asia,,,False,True,False,Uzbekistan,ECS,Europe & Central Asia,LMC,Lower middle income,IDB,Blend,Tashkent,69.269,41.3052,False,,,True,WB-LM,2024
VUT,VU,548,Vanuatu,فانواتو,瓦努阿图,Vanuatu,Вануату,Vanuatu,Vanuatu,1,World,9,Oceania,54,Melanesia,,,False,False,True,Vanuatu,EAS,East Asia & Pacific,LMC,Lower middle income,IDX,IDA,Port-Vila,168.321,-17.7404,False,,,True,WB-LM,2024
VEN,VE,862,Venezuela (Bolivarian Republic of),فنزويلا (جمهورية - البوليفارية),委内瑞拉玻利瓦尔共和国,Venezuela (République bolivarienne du),Венесуэла (Боливарианская Республика),Venezuela (República Bolivariana de),Venezuela (Bolivarian Republic of),1,World,19,Americas,419,Latin America and the Caribbean,5,South America,False,False,False,"Venezuela, RB",LCN,Latin America & Caribbean,INX,Not classified,IBD,IBRD,Caracas,-69.8371,9.08165,True,Institutional and Social Fragility,FY26,True,WB-NC,2024
VNM,VN,704,Viet Nam,فييت نام,越南,Viet Nam,Вьетнам,Viet Nam,Viet Nam,1,World,142,Asia,35,South-eastern Asia,,,False,False,False,Viet Nam,EAS,East Asia & Pacific,LMC,Lower middle income,IBD,IBRD,Hanoi,105.825,21.0069,False,,,True,WB-LM,2024
WLF,WF,876,Wallis and Futuna Islands,جزر واليس وفوتونا,瓦利斯群岛和富图纳群岛,Îles Wallis-et-Futuna,Острова Уоллис и Футуна,Islas Wallis y Futuna,Wallis and Futuna Islands,1,World,9,Oceania,61,Polynesia,,,False,False,False,,,,,,,,,,,False,,,False,,
ESH,EH,732,Western Sahara,الصحراء الغربية,西撒哈拉,Sahara occidental,Западная Сахара,Sáhara Occidental,Western Sahara,1,World,2,Africa,15,Northern Africa,,,False,False,False,,,,,,,,,,,False,,,False,,
YEM,YE,887,Yemen,اليمن,也门,Yémen,Йемен,Yemen,Yemen,1,World,142,Asia,145,Western Asia,,,True,False,False,"Yemen, Rep.",MEA,"Middle East, North Africa, Afghanistan & Pakistan",LIC,Low income,IDX,IDA,Sana'a,44.2075,15.352,True,Conflict,FY26,True,WB-L,2024
ZMB,ZM,894,Zambia,زامبيا,赞比亚,Zambie,Замбия,Zambia,Zambia,1,World,2,Africa,202,Sub-Saharan Africa,14,Eastern Africa,True,True,False,Zambia,SSF,Sub-Saharan Africa,LMC,Lower middle income,IDX,IDA,Lusaka,28.2937,-15.3982,False,,,True,WB-LM,2024
ZWE,ZW,716,Zimbabwe,زمبابوي,津巴布韦,Zimbabwe,Зимбабве,Zimbabwe,Zimbabwe,1,World,2,Africa,202,Sub-Saharan Africa,14,Eastern Africa,False,True,False,Zimbabwe,SSF,Sub-Saharan Africa,LMC,Lower middle income,IDB,Blend,Harare,31.0672,-17.8312,True,Institutional and Social Fragility,FY26,True,WB-LM,2024
ALA,AX,248,Åland Islands,جزر ألاند,奥兰群岛,Îles d’Åland,Аландских островов,Islas Åland,Åland Islands,1,World,150,Europe,154,Northern Europe,,,False,False,False,,,,,,,,,,,False,,,False,,
